frame_id,timestamp(ns)
0,94260770431
1,94324318974
2,94391063921
3,94457491995
4,94525940692
5,94590910118
6,94656876057
7,94723217151
8,94789546890
9,94856338609
10,94923122983
11,94989722410
12,95057008972
13,95123274598
14,95189892932
15,95256690536
16,95322903452
17,95390221629
18,95456655744
19,95524086786
20,95591229910
21,95657132515
22,95723078556
23,95791248504
24,95856565378
25,95923104129
26,95989757775
27,96057044234
28,96124090586
29,96189514129
30,96256484649
31,96323231057
32,96389890535
33,96456378659
34,96522656836
35,96589838191
36,96656636784
37,96723540170
38,96791207775
39,96856922254
40,96923175325
41,96991624962
42,97057678347
43,97123335482
44,97191254336
45,97256296837
46,97322803763
47,97390789857
48,97456202410
49,97522786837
50,97590217618
51,97656461159
52,97723442566
53,97791487461
54,97856151471
55,97923101681
56,97990143556
57,98056791315
58,98123629545
59,98189813139
60,98256457148
61,98324114129
62,98390855898
63,98457034023
64,98523506784
65,98589529075
66,98656551889
67,98723071472
68,98790809961
69,98856835013
70,98923026472
71,98989608035
72,99056682148
73,99122874076
74,99190486003
75,99256465690
76,99324131106
77,99390708815
78,99456254441
79,99523122721
80,99589490690
81,99657023868
82,99722780482
83,99789916731
84,99857599075
85,99923269127
86,99989253867
87,100057380013
88,100122709023
89,100189348034
90,100256903503
91,100322774283
92,100392962774
93,100456102565
94,100523659180
95,100589478555
96,100656618659
97,100723428814
98,100789701158
99,100857104595
100,100923475586
101,100991239491
102,101056787460
103,101124328815
104,101190486001
105,101256188971
106,101322988033
107,101389479022
108,101459426366
109,101523357304
110,101590964022
111,101656079334
112,101722641210
113,101790193762
114,101858065794
115,101923028397
116,101989393605
117,102056055325
118,102122976106
119,102189588815
120,102257412877
121,102323275532
122,102390568189
123,102456404335
124,102523437094
125,102589600532
126,102656201887
127,102723256158
128,102789914022
129,102857724491
130,102923584023
131,102990196314
132,103056226678
133,103123249542
134,103190235271
135,103256888970
136,103324320740
137,103390394335
138,103456269127
139,103523307408
140,103589640740
141,103657388969
142,103723166261
143,103789668448
144,103856443710
145,103923186782
146,103989507251
147,104056383760
148,104122883292
149,104189606522
150,104256389386
151,104322864959
152,104390763760
153,104456230688
154,104522873032
155,104589488762
156,104656246001
157,104722830896
158,104789450897
159,104856222095
160,104922936626
161,104990551417
162,105056107979
163,105122957407
164,105189532407
165,105256119282
166,105322817979
167,105389556937
168,105456637354
169,105522902979
170,105589945843
171,105657866677
172,105723427927
173,105790258032
174,105857504230
175,105923237354
176,105990245635
177,106056878969
178,106124493761
179,106190308605
180,106256528500
181,106322929229
182,106389855011
183,106456278448
184,106522962458
185,106589947614
186,106656591364
187,106723044906
188,106789570479
189,106856236052
190,106923647718
191,106989955322
192,107056222042
193,107123952614
194,107189469125
195,107256628708
196,107324259021
197,107389629020
198,107456819437
199,107523054853
200,107589528030
201,107656207041
202,107722929698
203,107789792041
204,107856235374
205,107924052197
206,107989872041
207,108056195166
208,108122969281
209,108189423343
210,108256166885
211,108322806625
212,108389500375
213,108456178760
214,108522830894
215,108589806155
216,108656267093
217,108722930217
218,108789518863
219,108856171676
220,108922888863
221,108989446675
222,109056072978
223,109123252301
224,109189764437
225,109256165530
226,109322858186
227,109389536624
228,109456209748
229,109522847717
230,109589487196
231,109656472873
232,109723979435
233,109789969696
234,109856615686
235,109922806624
236,109989547197
237,110056069436
238,110123478759
239,110189520374
240,110256312717
241,110322908707
242,110389439853
243,110456125478
244,110523211207
245,110589407509
246,110656528394
247,110722800166
248,110789722925
249,110856050270
250,110924025060
251,110989586155
252,111056524801
253,111123045009
254,111189761206
255,111256548966
256,111322807092
257,111389656519
258,111456844904
259,111523159955
260,111589626102
261,111656425112
262,111722792613
263,111789584539
264,111856370841
265,111922916102
266,111990436310
267,112056450893
268,112122920841
269,112190231102
270,112256208706
271,112322940946
272,112389658029
273,112456169903
274,112523062300
275,112590838185
276,112656099643
277,112722954174
278,112789989383
279,112856268602
280,112923184174
281,112989468653
282,113057296622
283,113122926987
284,113190212768
285,113256701310
286,113322785164
287,113390409800
288,113456378705
289,113523322821
290,113591247560
291,113656887560
292,113723852715
293,113789505945
294,113857669278
295,113925152038
296,113989996153
297,114057242091
298,114122986154
299,114189407768
300,114256576934
301,114323624695
302,114390171205
303,114456130372
304,114523599852
305,114590271414
306,114656404173
307,114723093758
308,114789381935
309,114858516517
310,114922600111
311,114989261205
312,115056383236
313,115122803393
314,115189131310
315,115256240632
316,115325405528
317,115389197090
318,115457247194
319,115523489225
320,115589499173
321,115657014850
322,115723531049
323,115789968184
324,115855879799
325,115923072507
326,115989314069
327,116056225735
328,116123016830
329,116189915735
330,116256946412
331,116322483965
332,116389939538
333,116455998287
334,116523561568
335,116589453653
336,116656536933
337,116723847454
338,116790107350
339,116856707714
340,116922621621
341,116989621569
342,117056868391
343,117123011568
344,117189869798
345,117257291829
346,117322584069
347,117389591673
348,117456454485
349,117524594173
350,117589415944
351,117655852089
352,117722532090
353,117789140630
354,117855988600
355,117923020631
356,117989976828
357,118055886673
358,118123357505
359,118189507557
360,118255918652
361,118323619746
362,118389906776
363,118458003286
364,118523042089
365,118590907193
366,118655923547
367,118723400162
368,118789653078
369,118856316412
370,118922920838
371,118989808495
372,119056120057
373,119123510839
374,119189451881
375,119255961047
376,119322810682
377,119389264589
378,119456308652
379,119522790943
380,119589415161
381,119656902453
382,119722647870
383,119789553703
384,119856280317
385,119922624171
386,119990463912
387,120056486828
388,120122634276
389,120190204796
390,120256155787
391,120323053339
392,120389792870
393,120456153599
394,120523036463
395,120589603755
396,120656731775
397,120722822348
398,120789561776
399,120856077244
400,120923187192
401,120989200421
402,121056141619
403,121123028078
404,121189969380
405,121256499015
406,121322897974
407,121389458130
408,121455946254
409,121523737921
410,121589619014
411,121656444014
412,121723852035
413,121789244275
414,121856197608
415,121922974639
416,121989915213
417,122056694120
418,122122857139
419,122191093494
420,122256768025
421,122323890734
422,122389987400
423,122456406411
424,122522697036
425,122589253338
426,122657372868
427,122723754691
428,122789844535
429,122856430369
430,122924684067
431,122989586515
432,123055970056
433,123122672503
434,123189388129
435,123256013546
436,123323236462
437,123390502400
438,123456611254
439,123523277713
440,123589708232
441,123656716879
442,123722794014
443,123789249535
444,123856093962
445,123922803754
446,123989153598
447,124056414744
448,124123994274
449,124189930263
450,124256827764
451,124324697556
452,124389844587
453,124456172191
454,124522791201
455,124590150056
456,124656191305
457,124723212400
458,124789718857
459,124856472815
460,124923410993
461,124989588284
462,125056980211
463,125123398180
464,125189385523
465,125256142347
466,125323426513
467,125389515837
468,125456860524
469,125523450783
470,125589647920
471,125656412450
472,125723155055
473,125789437243
474,125856936148
475,125923383180
476,125989567867
477,126056166773
478,126122491618
479,126189321773
480,126256473492
481,126324462503
482,126389633336
483,126456039794
484,126523050420
485,126589719638
486,126656543335
487,126723099221
488,126789874951
489,126856917815
490,126924082971
491,126989843544
492,127056527710
493,127123740940
494,127189709638
495,127256742241
496,127322563804
497,127389703648
498,127457085679
499,127522737868
500,127589517918
501,127656691148
502,127723713857
503,127789552189
504,127856614429
505,127923144012
506,127990264482
507,128056102971
508,128122624898
509,128190967554
510,128256140366
511,128322977710
512,128389936773
513,128456558492
514,128523261096
515,128589556252
516,128656693647
517,128723664846
518,128789803751
519,128857933752
520,128923471095
521,128989495939
522,129056144689
523,129124801720
524,129189811825
525,129256778178
526,129323664220
527,129389740158
528,129456295314
529,129522993804
530,129589721200
531,129656094272
532,129722896356
533,129791184011
534,129856321251
535,129923415678
536,129989756719
537,130055851824
538,130123245106
539,130189390106
540,130256954376
541,130322834689
542,130389664637
543,130457048178
544,130522989063
545,130589948126
546,130656650782
547,130723292136
548,130790407969
549,130856239429
550,130923479220
551,130989656199
552,131056767241
553,131124008334
554,131191158542
555,131257123439
556,131322633125
557,131391571459
558,131456978074
559,131523376511
560,131589624375
561,131655820156
562,131722923439
563,131790556094
564,131856246720
565,131922497918
566,131989605053
567,132056329220
568,132123315781
569,132189503594
570,132256282448
571,132323243438
572,132389547604
573,132456456095
574,132523406354
575,132590132449
576,132656828698
577,132724272656
578,132790663854
579,132855973750
580,132923553281
581,132989797969
582,133056561094
583,133123117240
584,133189901614
585,133256349583
586,133322864062
587,133389568593
588,133456574166
589,133522993229
590,133589412344
591,133656238698
592,133723113594
593,133791210312
594,133857854271
595,133924590624
596,133989822344
597,134056382395
598,134123050209
599,134189528958
600,134256839166
601,134322876093
602,134389973124
603,134456210937
604,134522856613
605,134589819323
606,134656080572
607,134723099375
608,134789844999
609,134856883020
610,134922864166
611,134989914634
612,135057011354
613,135122808645
614,135190540155
615,135256486822
616,135323070781
617,135389321666
618,135456371927
619,135523420572
620,135590256250
621,135656673593
622,135723261875
623,135789548333
624,135856596249
625,135923666979
626,135989869426
627,136056742916
628,136123642603
629,136189569738
630,136256621249
631,136323191978
632,136389731613
633,136456202447
634,136523131405
635,136590269322
636,136656314739
637,136723207395
638,136789909061
639,136856354321
640,136923394999
641,136990707864
642,137057152551
643,137123089738
644,137189693124
645,137256673540
646,137323004425
647,137389400206
648,137456453697
649,137522953435
650,137589397759
651,137656130779
652,137723253176
653,137789519894
654,137857132029
655,137923303227
656,137989497394
657,138056250362
658,138122900831
659,138189465883
660,138257052915
661,138323458383
662,138389997967
663,138456106248
664,138523264738
665,138589898957
666,138656653384
667,138723240519
668,138791098540
669,138856646405
670,138923720518
671,138990388019
672,139056415832
673,139122838800
674,139189676977
675,139256466924
676,139323805570
677,139390710831
678,139457071040
679,139522995935
680,139589428852
681,139656242134
682,139722871144
683,139789540362
684,139856466351
685,139923040778
686,139989602237
687,140056690988
688,140123711872
689,140189632757
690,140256215935
691,140323053019
692,140389827862
693,140456912133
694,140523214945
695,140589821195
696,140656611456
697,140723673851
698,140789626352
699,140857161508
700,140923206821
701,140991138800
702,141056406924
703,141124151767
704,141189962653
705,141256593070
706,141324688278
707,141389729945
708,141456522340
709,141523611924
710,141589649684
711,141656965153
712,141723194892
713,141789777184
714,141856595673
715,141922920986
716,141989843591
717,142056361038
718,142122880517
719,142189817914
720,142256596768
721,142323474580
722,142390170883
723,142456343225
724,142523739320
725,142590306663
726,142656106611
727,142723104840
728,142789476560
729,142856437705
730,142923623591
731,142989410725
732,143056271715
733,143123642340
734,143190151663
735,143256527704
736,143323666507
737,143389308694
738,143456204059
739,143523117287
740,143590931454
741,143656670985
742,143723358121
743,143790265621
744,143856890986
745,143922701766
746,143989933590
747,144056156454
748,144122856610
749,144190491507
750,144256224787
751,144322929787
752,144389424630
753,144456646558
754,144524294684
755,144589656715
756,144656126038
757,144722987444
758,144789524007
759,144856109215
760,144922809839
761,144990157808
762,145056499527
763,145123471506
764,145190086454
765,145257746350
766,145326800309
767,145390167130
768,145456510724
769,145523083329
770,145590634109
771,145656639005
772,145723405100
773,145791616402
774,145856780673
775,145924015984
776,145989882600
777,146057669214
778,146123145568
779,146191484371
780,146256642286
781,146323015412
782,146390154266
783,146456898276
784,146524138588
785,146589553068
786,146656804474
787,146723213850
788,146790186713
789,146856419838
790,146923267495
791,146990245933
792,147056326089
793,147122845359
794,147193552807
795,147256293015
796,147323077078
797,147389679005
798,147457315567
799,147523382963
800,147589635098
801,147656920202
802,147723591089
803,147790225307
804,147856832859
805,147923234942
806,147990406036
807,148056111661
808,148122744213
809,148189689004
810,148257289369
811,148323166921
812,148390467703
813,148456275463
814,148522777181
815,148589665567
816,148656722182
817,148723395566
818,148789666609
819,148856199785
820,148922902545
821,148989638067
822,149056642910
823,149123496608
824,149189807286
825,149256495150
826,149323758745
827,149390582442
828,149461365047
829,149523534576
830,149589925045
831,149656454941
832,149723092858
833,149790376192
834,149856491817
835,149922886035
836,149989603014
837,150056247598
838,150122941816
839,150189646139
840,150256123378
841,150323416817
842,150389426296
843,150456903743
844,150523477597
845,150590275097
846,150656462077
847,150723357389
848,150789608119
849,150856388692
850,150923367961
851,150991703900
852,151056222493
853,151124036816
854,151189442442
855,151256553482
856,151323547963
857,151390111191
858,151456339317
859,151523089108
860,151590101191
861,151657272857
862,151723000826
863,151789652753
864,151856114316
865,151923575879
866,151990230670
867,152056475618
868,152122876399
869,152189561556
870,152256355305
871,152323183951
872,152389417023
873,152456208951
874,152522980305
875,152589496816
876,152656136972
877,152723118742
878,152790144107
879,152857509837
880,152923100930
881,152989598170
882,153057539785
883,153125045201
884,153189526295
885,153256435981
886,153323353274
887,153389507596
888,153456255930
889,153523374264
890,153590099002
891,153656113170
892,153722884106
893,153789580773
894,153856465617
895,153922833429
896,153989844263
897,154056288794
898,154122931242
899,154189600409
900,154256100774
901,154323327388
902,154390386867
903,154456105201
904,154526212387
905,154589923012
906,154656197753
907,154723022544
908,154789788117
909,154856109732
910,154922971033
911,154990659992
912,155056306189
913,155123001711
914,155190234731
915,155256486033
916,155322876345
917,155389516710
918,155456664262
919,155523325565
920,155589819888
921,155657252699
922,155723757751
923,155789749991
924,155856284106
925,155922893586
926,155989849575
927,156056750512
928,156123208376
929,156189799782
930,156256716293
931,156323085044
932,156389460981
933,156456149418
934,156523354105
935,156589642908
936,156656792960
937,156723324730
938,156790169887
939,156856248898
940,156923012334
941,156991610876
942,157057039261
943,157123183742
944,157189628793
945,157256595668
946,157323620303
947,157389648688
948,157456168376
949,157522562334
950,157589753271
951,157656356658
952,157723573845
953,157790418168
954,157856214782
955,157923060459
956,157989793220
957,158056579314
958,158122987074
959,158189787021
960,158256224783
961,158322955668
962,158389910823
963,158456621136
964,158523054835
965,158592045876
966,158656954522
967,158722855824
968,158789787178
969,158856497960
970,158922809834
971,158989785511
972,159056056240
973,159122837281
974,159189706761
975,159256182491
976,159323465876
977,159389749990
978,159456251292
979,159522892438
980,159590888219
981,159656592542
982,159723096448
983,159789582595
984,159856894574
985,159922931449
986,159990494782
987,160056124208
988,160122854469
989,160189448167
990,160256139677
991,160323113271
992,160394389833
993,160456549677
994,160522871291
995,160589512177
996,160656398531
997,160722867230
998,160790683531
999,160857189260
1000,160923754626
1001,160992635718
1002,161056975615
1003,161122615614
1004,161189806709
1005,161256594364
1006,161323968739
1007,161390103427
1008,161456099625
1009,161523896344
1010,161590388375
1011,161658006031
1012,161723124155
1013,161791125198
1014,161857185509
1015,161923850770
1016,161989734728
1017,162057040822
1018,162123731708
1019,162190133531
1020,162256363271
1021,162322994572
1022,162389680354
1023,162456658999
1024,162523767854
1025,162589622385
1026,162656446134
1027,162722969573
1028,162789594781
1029,162858555822
1030,162923098790
1031,162989222853
1032,163056611759
1033,163123486031
1034,163189564520
1035,163256182437
1036,163323944572
1037,163389712436
1038,163456158165
1039,163522915821
1040,163589735978
1041,163656352228
1042,163723413738
1043,163790458530
1044,163857355301
1045,163923282696
1046,163989565510
1047,164056865613
1048,164123147123
1049,164189431812
1050,164259437071
1051,164323550197
1052,164390482437
1053,164456259467
1054,164523103998
1055,164590515457
1056,164657154155
1057,164723633374
1058,164790608425
1059,164856561916
1060,164923114206
1061,164990277801
1062,165057065508
1063,165122855873
1064,165189518165
1065,165256132956
1066,165323025718
1067,165390447801
1068,165457252280
1069,165523159779
1070,165589713008
1071,165656456811
1072,165723493113
1073,165790582383
1074,165856135300
1075,165923558685
1076,165989871602
1077,166056456759
1078,166123041081
1079,166189582227
1080,166256446082
1081,166323528997
1082,166389817071
1083,166456301498
1084,166523032539
1085,166591067644
1086,166656608737
1087,166724724414
1088,166791279935
1089,166856898425
1090,166923118893
1091,166989658320
1092,167056250508
1093,167123348580
1094,167189590248
1095,167256576394
1096,167323219153
1097,167389691081
1098,167456163685
1099,167522895872
1100,167589776393
1101,167656985039
1102,167724537122
1103,167789994570
1104,167857288112
1105,167922940664
1106,167989673217
1107,168056531602
1108,168123285455
1109,168190106185
1110,168256757278
1111,168322797590
1112,168390351861
1113,168456456809
1114,168523619882
1115,168590575767
1116,168656250403
1117,168723742800
1118,168789572227
1119,168856720820
1120,168923530351
1121,168989598111
1122,169056733060
1123,169122733632
1124,169189598892
1125,169256083476
1126,169324048476
1127,169390898216
1128,169456462382
1129,169522770767
1130,169590131496
1131,169656832382
1132,169723477330
1133,169789883476
1134,169858696861
1135,169923394257
1136,169991697121
1137,170056859986
1138,170122769673
1139,170189670039
1140,170257608996
1141,170323592278
1142,170390883319
1143,170456522278
1144,170523619569
1145,170589853945
1146,170656661549
1147,170723123163
1148,170789799204
1149,170856169622
1150,170923487329
1151,170990148579
1152,171056552799
1153,171123112537
1154,171189809361
1155,171256585402
1156,171323568162
1157,171390119464
1158,171457310298
1159,171523542122
1160,171589654101
1161,171656777225
1162,171723875245
1163,171790513944
1164,171857061600
1165,171924835298
1166,171990598631
1167,172056248579
1168,172125714777
1169,172190283370
1170,172256369516
1171,172324000350
1172,172390355974
1173,172456724934
1174,172525024048
1175,172590786339
1176,172656610975
1177,172722955974
1178,172790483110
1179,172856551392
1180,172923542693
1181,172989486495
1182,173056845141
1183,173122920349
1184,173191141859
1185,173257477380
1186,173324284307
1187,173391023318
1188,173456956183
1189,173523703839
1190,173590591496
1191,173657078318
1192,173724136547
1193,173790288786
1194,173859500714
1195,173923501756
1196,173989473787
1197,174057000349
1198,174122789411
1199,174189817798
1200,174256237693
1201,174322831912
1202,174389504776
1203,174456171442
1204,174523522432
1205,174590275036
1206,174659749516
1207,174722756494
1208,174794903682
1209,174856406131
1210,174923167223
1211,174991270817
1212,175057617745
1213,175124166912
1214,175189552640
1215,175256530037
1216,175324290036
1217,175389681808
1218,175457419306
1219,175523506754
1220,175592429516
1221,175657035557
1222,175722967067
1223,175790628317
1224,175856643577
1225,175922919202
1226,175995809620
1227,176056770973
1228,176124405504
1229,176189981858
1230,176257492952
1231,176323003785
1232,176390345712
1233,176456256285
1234,176523488785
1235,176591080296
1236,176656380764
1237,176723596598
1238,176789191807
1239,176856825556
1240,176922700452
1241,176989841859
1242,177056367380
1243,177123366025
1244,177189758734
1245,177258139306
1246,177322617953
1247,177389832326
1248,177462889670
1249,177524224931
1250,177590075974
1251,177656118941
1252,177731286442
1253,177789889410
1254,177856106703
1255,177923682170
1256,177989655088
1257,178056366025
1258,178125648472
1259,178189745763
1260,178259514826
1261,178323494098
1262,178391661389
1263,178456220972
1264,178524187430
1265,178589550816
1266,178656089879
1267,178723675659
1268,178793208472
1269,178856746076
1270,178923325086
1271,178990390139
1272,179064550920
1273,179123710087
1274,179190935244
1275,179256668680
1276,179323318732
1277,179389568524
1278,179457620607
1279,179523014617
1280,179590839201
1281,179658043471
1282,179724071388
1283,179789594566
1284,179856811232
1285,179923343680
1286,179989847691
1287,180056507742
1288,180124053211
1289,180193740660
1290,180256466649
1291,180322925190
1292,180389838367
1293,180460192794
1294,180529569513
1295,180589867274
1296,180657493367
1297,180723023003
1298,180789700660
1299,180856771544
1300,180930508107
1301,180989653680
1302,181057204982
1303,181124024461
1304,181189694513
1305,181256638211
1306,181323484461
1307,181390891752
1308,181456354045
1309,181522962950
1310,181591358158
1311,181656694669
1312,181724098940
1313,181790515815
1314,181856548576
1315,181923467273
1316,181989924409
1317,182058458315
1318,182127489200
1319,182190320242
1320,182257903211
1321,182331937689
1322,182389705398
1323,182456286492
1324,182523056804
1325,182589644981
1326,182657119304
1327,182724024512
1328,182789784721
1329,182857171596
1330,182926201544
1331,182990993366
1332,183060124252
1333,183123257378
1334,183191378159
1335,183259628263
1336,183323204460
1337,183390260085
1338,183456094773
1339,183523266855
1340,183591720398
1341,183657632481
1342,183723403627
1343,183789584251
1344,183861405033
1345,183923060137
1346,183989619565
1347,184056190293
1348,184123023105
1349,184189638417
1350,184256195450
1351,184322859200
1352,184389855501
1353,184456358158
1354,184523400709
1355,184589795293
1356,184656111803
1357,184723544824
1358,184789541022
1359,184858400033
1360,184925228574
1361,184990394616
1362,185056234096
1363,185123149771
1364,185189525553
1365,185256291335
1366,185323472897
1367,185389569094
1368,185456304303
1369,185523953939
1370,185591312011
1371,185656389823
1372,185724768834
1373,185789769355
1374,185856765241
1375,185923367533
1376,185989910084
1377,186056391751
1378,186125842324
1379,186191790345
1380,186256793521
1381,186322972793
1382,186390136126
1383,186456236125
1384,186525972844
1385,186591009824
1386,186657840762
1387,186723503156
1388,186790282845
1389,186856780761
1390,186923977583
1391,186990289824
1392,187056868574
1393,187123610292
1394,187189668885
1395,187257643833
1396,187322912948
1397,187390113885
1398,187456469302
1399,187523311959
1400,187590159198
1401,187656353364
1402,187724546022
1403,187790767531
1404,187856870396
1405,187923036177
1406,187990783105
1407,188058133521
1408,188124704562
1409,188189905291
1410,188257452791
1411,188323184198
1412,188390375448
1413,188456637896
1414,188522711489
1415,188590411437
1416,188656641646
1417,188723854979
1418,188790001282
1419,188856977532
1420,188922581386
1421,188989496437
1422,189056468312
1423,189123291176
1424,189190999823
1425,189256418468
1426,189323595187
1427,189391943312
1428,189461749615
1429,189523124458
1430,189589448885
1431,189661079770
1432,189722972271
1433,189790798989
1434,189856179145
1435,189923753000
1436,189991208624
1437,190057153521
1438,190124468885
1439,190191048259
1440,190256231853
1441,190322556436
1442,190390641228
1443,190456236749
1444,190522902738
1445,190591185343
1446,190657091644
1447,190724231176
1448,190790559458
1449,190857589405
1450,190923940395
1451,190989989196
1452,191056916332
1453,191123539978
1454,191190410603
1455,191256985238
1456,191323432530
1457,191389957686
1458,191456857582
1459,191523789873
1460,191590560656
1461,191656546593
1462,191723506124
1463,191791227739
1464,191856021905
1465,191922593885
1466,191991192791
1467,192057528728
1468,192126528883
1469,192193084666
1470,192258463884
1471,192322775916
1472,192390239300
1473,192457237373
1474,192526824665
1475,192589675394
1476,192659269457
1477,192723927895
1478,192793678311
1479,192856365915
1480,192923795082
1481,192989522373
1482,193056939091
1483,193124371539
1484,193189498467
1485,193256139456
1486,193323060497
1487,193389996383
1488,193457031905
1489,193522799092
1490,193590561436
1491,193656915445
1492,193723321696
1493,193789818049
1494,193858378674
1495,193924769716
1496,193989546384
1497,194055938414
1498,194122539247
1499,194191050758
1500,194256072998
1501,194322693050
1502,194389436903
1503,194456859612
1504,194523307894
1505,194589555185
1506,194656314612
1507,194723315028
1508,194789590029
1509,194856287893
1510,194922892528
1511,194990106851
1512,195056247060
1513,195123963675
1514,195189623153
1515,195256883154
1516,195327362737
1517,195389643882
1518,195456925342
1519,195522810602
1520,195589512216
1521,195656621538
1522,195723521748
1523,195789786070
1524,195856500236
1525,195922856851
1526,195989764091
1527,196056279299
1528,196122859038
1529,196189921486
1530,196257012112
1531,196322947788
1532,196389603205
1533,196460672372
1534,196524691174
1535,196591104872
1536,196661017632
1537,196723147476
1538,196790116382
1539,196857660340
1540,196923751069
1541,196989959506
1542,197056470340
1543,197122914664
1544,197190629402
1545,197256478100
1546,197323406642
1547,197389855548
1548,197456122216
1549,197523156435
1550,197589482840
1551,197656128777
1552,197722797527
1553,197790113933
1554,197857166798
1555,197923647839
1556,197989922736
1557,198056194195
1558,198125135235
1559,198190366174
1560,198256957787
1561,198323273517
1562,198389864455
1563,198456910391
1564,198524117996
1565,198590493048
1566,198656777268
1567,198722864610
1568,198789774089
1569,198857449247
1570,198923558620
1571,198990338048
1572,199057498985
1573,199123126537
1574,199190563153
1575,199256521902
1576,199323375548
1577,199390761538
1578,199456867892
1579,199523541745
1580,199591470443
1581,199656512006
1582,199723164298
1583,199789715651
1584,199856591017
1585,199923692527
1586,199990293308
1587,200056490599
1588,200123360912
1589,200189579401
1590,200256096120
1591,200322839819
1592,200390166797
1593,200458422682
1594,200523146797
1595,200589639141
1596,200656206953
1597,200724437110
1598,200789794349
1599,200861023984
1600,200923014088
1601,200989657578
1602,201057891329
1603,201122928828
1604,201189552317
1605,201256243724
1606,201324714454
1607,201389490183
1608,201456542995
1609,201523251797
1610,201590001954
1611,201656415338
1612,201723758308
1613,201790180807
1614,201857645182
1615,201922924869
1616,201990234922
1617,202056711588
1618,202123290859
1619,202192023671
1620,202256198202
1621,202326583308
1622,202389645703
1623,202456670025
1624,202523003567
1625,202590452994
1626,202657004504
1627,202723490911
1628,202791356849
1629,202856572942
1630,202923530495
1631,202989728411
1632,203056845755
1633,203124113983
1634,203191376693
1635,203256716588
1636,203323579140
1637,203389236431
1638,203456388879
1639,203522997734
1640,203590289817
1641,203656205077
1642,203723434556
1643,203789758202
1644,203856810910
1645,203923805494
1646,203990378254
1647,204056919661
1648,204126035859
1649,204189352785
1650,204256662213
1651,204323781432
1652,204390279139
1653,204456262837
1654,204523608723
1655,204589590389
1656,204656903671
1657,204723395545
1658,204790358358
1659,204856913879
1660,204923562994
1661,204990202057
1662,205056169973
1663,205123291952
1664,205189976587
1665,205255982161
1666,205323288671
1667,205389206952
1668,205461339972
1669,205525639086
1670,205589488566
1671,205657912837
1672,205725584452
1673,205789459608
1674,205856868150
1675,205923703462
1676,205989531691
1677,206056988202
1678,206123507159
1679,206190408827
1680,206256788775
1681,206323259972
1682,206390489555
1683,206457174139
1684,206527490181
1685,206590614139
1686,206658199555
1687,206723624504
1688,206791163461
1689,206856696275
1690,206923484867
1691,206989684867
1692,207057102212
1693,207123150650
1694,207191122992
1695,207258337993
1696,207324510076
1697,207390426327
1698,207456104399
1699,207523752941
1700,207590857680
1701,207656518670
1702,207722987471
1703,207790477264
1704,207856983513
1705,207923320493
1706,207990086690
1707,208056654035
1708,208125145544
1709,208189460023
1710,208256807627
1711,208323206429
1712,208391205649
1713,208456025023
1714,208523514658
1715,208589494086
1716,208657262106
1717,208723211950
1718,208789757836
1719,208857298253
1720,208923064242
1721,208989528774
1722,209056695752
1723,209123954919
1724,209189829971
1725,209256962836
1726,209323407627
1727,209390594502
1728,209458150805
1729,209523574294
1730,209590756378
1731,209659935648
1732,209723460596
1733,209789897418
1734,209857040127
1735,209923598773
1736,209989890857
1737,210056402367
1738,210123392366
1739,210190564815
1740,210256409241
1741,210323334866
1742,210390688095
1743,210456797627
1744,210523221637
1745,210591914241
1746,210656178877
1747,210723425022
1748,210789487158
1749,210856134398
1750,210923520178
1751,210989780647
1752,211056317731
1753,211123092992
1754,211189960647
1755,211260000388
1756,211322881013
1757,211389918825
1758,211456594085
1759,211523660336
1760,211589606220
1761,211656763563
1762,211723130491
1763,211789948199
1764,211856791063
1765,211922869449
1766,211990301063
1767,212056591741
1768,212123131949
1769,212189796688
1770,212261131896
1771,212323230959
1772,212389938615
1773,212456440387
1774,212524312366
1775,212589695960
1776,212657521948
1777,212722923512
1778,212790195960
1779,212857026115
1780,212923182053
1781,212989505334
1782,213056213928
1783,213123598460
1784,213189786376
1785,213257169865
1786,213323607990
1787,213389609709
1788,213456732000
1789,213523142470
1790,213589982470
1791,213656224813
1792,213723210282
1793,213789897001
1794,213857251531
1795,213923587469
1796,213989925022
1797,214056330489
1798,214124858354
1799,214191220490
1800,214256660282
1801,214322926168
1802,214389967157
1803,214457331635
1804,214523201375
1805,214589719396
1806,214657255490
1807,214723318042
1808,214790104136
1809,214856296323
1810,214924381166
1811,214989863823
1812,215056505333
1813,215123468614
1814,215190297573
1815,215257540385
1816,215323260438
1817,215389531010
1818,215456170594
1819,215531334552
1820,215589573614
1821,215656139135
1822,215722848406
1823,215789589135
1824,215856300959
1825,215923724916
1826,215990337572
1827,216056876583
1828,216122914187
1829,216191045229
1830,216256614760
1831,216323295281
1832,216391838509
1833,216456171166
1834,216522898145
1835,216590409603
1836,216656184031
1837,216723221635
1838,216789744447
1839,216856661896
1840,216923640073
1841,216989509655
1842,217056355957
1843,217123176531
1844,217190576896
1845,217256686895
1846,217323200592
1847,217391137624
1848,217456624343
1849,217523141427
1850,217589646530
1851,217656694343
1852,217723194499
1853,217790340332
1854,217856928092
1855,217923198353
1856,217990337936
1857,218056625541
1858,218123198770
1859,218189878405
1860,218256257103
1861,218324317208
1862,218390114498
1863,218459850071
1864,218524690280
1865,218589886061
1866,218656172937
1867,218722991635
1868,218789879602
1869,218857414081
1870,218923258977
1871,218989547416
1872,219056746999
1873,219123279551
1874,219189628248
1875,219256523509
1876,219323248717
1877,219389815801
1878,219456134967
1879,219525709758
1880,219589600175
1881,219657938769
1882,219723986634
1883,219789599550
1884,219856308977
1885,219924051218
1886,219990576529
1887,220056999081
1888,220123095175
1889,220189704758
1890,220257056373
1891,220323932363
1892,220390550696
1893,220456813873
1894,220523224237
1895,220589852622
1896,220656231894
1897,220722954447
1898,220789504914
1899,220856285904
1900,220923525957
1901,220990125070
1902,221058575747
1903,221124370644
1904,221191709654
1905,221259831321
1906,221325202466
1907,221389844132
1908,221456948613
1909,221523326060
1910,221591204081
1911,221656878455
1912,221723266634
1913,221790608716
1914,221857963508
1915,221923402363
1916,221990190435
1917,222056590383
1918,222123675123
1919,222189845800
1920,222258255903
1921,222327318924
1922,222391122988
1923,222457185799
1924,222522862570
1925,222590302257
1926,222656834758
1927,222722817623
1928,222790126111
1929,222857804705
1930,222923475019
1931,222989306841
1932,223056908091
1933,223122993820
1934,223189840435
1935,223260997621
1936,223323737622
1937,223390927048
1938,223457187100
1939,223524135799
1940,223589979757
1941,223657159809
1942,223723102621
1943,223789458194
1944,223856946216
1945,223926402986
1946,223989764132
1947,224056351580
1948,224122938351
1949,224189722987
1950,224257027725
1951,224323624965
1952,224390887987
1953,224456920746
1954,224523184548
1955,224591154393
1956,224657146424
1957,224723406996
1958,224789668664
1959,224856837569
1960,224922838715
1961,224989766058
1962,225057518299
1963,225124229393
1964,225190302673
1965,225257318402
1966,225323510485
1967,225389801893
1968,225456270695
1969,225522853715
1970,225589704860
1971,225657813351
1972,225723147673
1973,225789735954
1974,225856483195
1975,225923679287
1976,225989623559
1977,226056358193
1978,226129317570
1979,226189940851
1980,226256243454
1981,226323489391
1982,226391081579
1983,226456296474
1984,226522946788
1985,226590144027
1986,226657503766
1987,226723258194
1988,226791187204
1989,226856299704
1990,226923061632
1991,226989531423
1992,227056573922
1993,227123401839
1994,227192069860
1995,227256351735
1996,227324050224
1997,227391322203
1998,227456746943
1999,227523049807
2000,227589641370
2001,227656416631
2002,227722917569
2003,227789683609
2004,227856366058
2005,227922882099
2006,227990137464
2007,228056101995
2008,228122972932
2009,228189618350
2010,228256364808
2011,228323491110
2012,228389993921
2013,228456464079
2014,228523155172
2015,228590654912
2016,228661344600
2017,228722908817
2018,228789543558
2019,228856816995
2020,228923509808
2021,228989950954
2022,229057299598
2023,229123002152
2024,229189848714
2025,229256202255
2026,229323804131
2027,229389485223
2028,229457221578
2029,229522916265
2030,229589580328
2031,229656619079
2032,229723630849
2033,229789538089
2034,229856260223
2035,229923056421
2036,229990229755
2037,230056555484
2038,230123033452
2039,230189974546
2040,230256665327
2041,230322955535
2042,230391579390
2043,230457594234
2044,230524321733
2045,230590158922
2046,230656680952
2047,230723247410
2048,230789916734
2049,230859041733
2050,230923591838
2051,230989561734
2052,231056127724
2053,231123420640
2054,231190492463
2055,231256114806
2056,231323482463
2057,231390478973
2058,231457296993
2059,231523526837
2060,231590543191
2061,231657274441
2062,231723346734
2063,231789969703
2064,231856510275
2065,231922707618
2066,231989540743
2067,232060493972
2068,232124914493
2069,232189494859
2070,232256816368
2071,232322994128
2072,232391162515
2073,232457558661
2074,232522946525
2075,232589940743
2076,232656316993
2077,232724220327
2078,232789710691
2079,232856267982
2080,232923263348
2081,232990617253
2082,233056465431
2083,233123636472
2084,233191716159
2085,233257376836
2086,233323569389
2087,233389644805
2088,233456079545
2089,233524417618
2090,233589817045
2091,233656417826
2092,233724675794
2093,233789980692
2094,233856801993
2095,233924307565
2096,233992270274
2097,234056873400
2098,234123661733
2099,234189562201
2100,234256502149
2101,234323738139
2102,234390262305
2103,234456600066
2104,234523015326
2105,234593138346
2106,234656676524
2107,234723225379
2108,234789704180
2109,234856867774
2110,234924197566
2111,234990490013
2112,235057452096
2113,235126655430
2114,235190346992
2115,235256402461
2116,235323405064
2117,235389885013
2118,235456529908
2119,235524122826
2120,235589951992
2121,235656882148
2122,235723903971
2123,235790455587
2124,235856139856
2125,235922860430
2126,235989547044
2127,236056552982
2128,236122961419
2129,236190233086
2130,236257210481
2131,236322897669
2132,236389784856
2133,236457429753
2134,236523277774
2135,236589969701
2136,236656528451
2137,236722978815
2138,236790739179
2139,236856680950
2140,236923054909
2141,236989485065
2142,237056812095
2143,237123125429
2144,237190057877
2145,237256162148
2146,237322980690
2147,237390197148
2148,237457523086
2149,237523877200
2150,237589596731
2151,237656714857
2152,237723431315
2153,237790378138
2154,237856503138
2155,237923825636
2156,237990180272
2157,238058602878
2158,238124387772
2159,238190865637
2160,238256651210
2161,238322723971
2162,238390101053
2163,238456964596
2164,238523336366
2165,238590983605
2166,238657542773
2167,238723154491
2168,238789480742
2169,238856381105
2170,238922974855
2171,238989575428
2172,239056879752
2173,239122878918
2174,239190637303
2175,239256536782
2176,239323369022
2177,239389569439
2178,239456209699
2179,239523512095
2180,239590147824
2181,239655915221
2182,239723249542
2183,239789266834
2184,239856302251
2185,239922910376
2186,239990129230
2187,240057562251
2188,240124361262
2189,240190229646
2190,240256419126
2191,240323414230
2192,240389509803
2193,240456804022
2194,240523012199
2195,240590628241
2196,240656150219
2197,240723183814
2198,240789716261
2199,240856635792
2200,240922962928
2201,240989960845
2202,241056304750
2203,241122696887
2204,241189547562
2205,241256185479
2206,241323351001
2207,241389881470
2208,241456775116
2209,241522911052
2210,241592038709
2211,241656436730
2212,241724078500
2213,241789919229
2214,241856888761
2215,241922874855
2216,241990109177
2217,242056510635
2218,242122584022
2219,242190115219
2220,242257105948
2221,242323028812
2222,242389451312
2223,242456626989
2224,242524444803
2225,242590999281
2226,242656348344
2227,242722744854
2228,242790287250
2229,242856874906
2230,242922879230
2231,242990909490
2232,243056284905
2233,243122930271
2234,243189781000
2235,243256219853
2236,243322589542
2237,243390698239
2238,243456220895
2239,243524075532
2240,243589936990
2241,243657382041
2242,243723075219
2243,243790724020
2244,243856209905
2245,243923102093
2246,243989749698
2247,244056870167
2248,244124142822
2249,244190479594
2250,244256252301
2251,244322958500
2252,244390208552
2253,244456109228
2254,244523616312
2255,244589540895
2256,244656168135
2257,244723558343
2258,244790601051
2259,244856232041
2260,244923110167
2261,244990356937
2262,245056494229
2263,245124120842
2264,245189843864
2265,245256735374
2266,245322785895
2267,245390807666
2268,245456203655
2269,245523359906
2270,245590596623
2271,245658054020
2272,245723705217
2273,245791172821
2274,245856316988
2275,245923664592
2276,245989516884
2277,246056592301
2278,246122865634
2279,246189525634
2280,246256142144
2281,246324638394
2282,246390205270
2283,246456119852
2284,246523320686
2285,246590264123
2286,246656833186
2287,246723554385
2288,246789871727
2289,246857177769
2290,246923760270
2291,246990082040
2292,247056502404
2293,247123533915
2294,247189957613
2295,247256182040
2296,247322938915
2297,247389448185
2298,247458332091
2299,247524320060
2300,247589497560
2301,247656838966
2302,247723475738
2303,247789905321
2304,247856463654
2305,247923224279
2306,247990827664
2307,248056847664
2308,248123160530
2309,248189732560
2310,248256352404
2311,248324153862
2312,248390358029
2313,248456775737
2314,248523265373
2315,248589737508
2316,248656622091
2317,248723098707
2318,248789951206
2319,248856968550
2320,248923566832
2321,248990836259
2322,249058463289
2323,249124474122
2324,249189937144
2325,249256526622
2326,249323895841
2327,249391512559
2328,249456168966
2329,249525072247
2330,249591833862
2331,249656150893
2332,249723154538
2333,249789770529
2334,249856846622
2335,249923065217
2336,249989751934
2337,250056655111
2338,250124399018
2339,250190722455
2340,250256675269
2341,250323146414
2342,250389863757
2343,250456090685
2344,250523021621
2345,250590335528
2346,250656651779
2347,250723349642
2348,250790215840
2349,250855987872
2350,250923645268
2351,250989687508
2352,251056231882
2353,251122998705
2354,251190266570
2355,251256506569
2356,251322981726
2357,251390339539
2358,251457398757
2359,251523517194
2360,251590348340
2361,251656688133
2362,251723461725
2363,251790271517
2364,251856851205
2365,251922891830
2366,251990331360
2367,252056702298
2368,252123441621
2369,252190931986
2370,252256370683
2371,252323768392
2372,252390365631
2373,252456848652
2374,252523493340
2375,252591270788
2376,252656259433
2377,252723547143
2378,252789471413
2379,252856150370
2380,252923560631
2381,252990845997
2382,253057032975
2383,253123238756
2384,253191824746
2385,253256821465
2386,253324120006
2387,253391361830
2388,253456999017
2389,253522612402
2390,253590278287
2391,253658821933
2392,253724452923
2393,253790185215
2394,253857080892
2395,253923916621
2396,253991100319
2397,254057421516
2398,254124442351
2399,254191480787
2400,254256870736
2401,254323131204
2402,254390119068
2403,254457317714
2404,254523394589
2405,254590917297
2406,254655947350
2407,254723392298
2408,254790583652
2409,254856130683
2410,254923494277
2411,254989865579
2412,255057872714
2413,255124079953
2414,255189994537
2415,255257002297
2416,255323014589
2417,255389844798
2418,255456274328
2419,255523050995
2420,255590505161
2421,255656904954
2422,255723357557
2423,255789533703
2424,255856798026
2425,255922984016
2426,255991466828
2427,256056354850
2428,256123339745
2429,256189516985
2430,256256309120
2431,256323528027
2432,256389824276
2433,256456840474
2434,256523334224
2435,256589379796
2436,256660558912
2437,256723428287
2438,256790561829
2439,256856707400
2440,256922845474
2441,256989619744
2442,257056413129
2443,257122946307
2444,257190653963
2445,257256757504
2446,257323712765
2447,257389562400
2448,257456329901
2449,257523194171
2450,257589574484
2451,257656223807
2452,257723927922
2453,257790081775
2454,257856746463
2455,257923211151
2456,257990331515
2457,258056419900
2458,258122930526
2459,258189935837
2460,258256452036
2461,258322923441
2462,258389717973
2463,258456334901
2464,258523425212
2465,258589689587
2466,258656902712
2467,258722913337
2468,258789583337
2469,258856830160
2470,258923230264
2471,258989655109
2472,259056333963
2473,259123487764
2474,259189665629
2475,259256340369
2476,259324484223
2477,259390978858
2478,259457747972
2479,259522933025
2480,259590000108
2481,259657014431
2482,259723886983
2483,259789785212
2484,259857032503
2485,259923465055
2486,259989849222
2487,260057139744
2488,260123087868
2489,260189751410
2490,260258188336
2491,260322930316
2492,260389503337
2493,260456400628
2494,260523120525
2495,260589780628
2496,260656739483
2497,260723204795
2498,260789772920
2499,260856360525
2500,260923230473
2501,260989661462
2502,261057082399
2503,261123427295
2504,261189581669
2505,261256190420
2506,261322905211
2507,261389526566
2508,261456633909
2509,261523117399
2510,261589735680
2511,261656769066
2512,261722907711
2513,261789545523
2514,261856527867
2515,261923923545
2516,261990317191
2517,262056208857
2518,262123587034
2519,262190246982
2520,262256511826
2521,262323436982
2522,262390332294
2523,262457581357
2524,262523109846
2525,262589518232
2526,262656461462
2527,262723268388
2528,262789765627
2529,262856428961
2530,262923174273
2531,262989494274
2532,263056562450
2533,263122889014
2534,263189701670
2535,263256335367
2536,263323215002
2537,263389767190
2538,263457123387
2539,263524108962
2540,263590613283
2541,263656920055
2542,263723481929
2543,263791701408
2544,263856832399
2545,263923063335
2546,263989617346
2547,264056418076
2548,264123407607
2549,264189859169
2550,264257245262
2551,264326479793
2552,264392390940
2553,264456428960
2554,264523174533
2555,264589889481
2556,264656659638
2557,264723234272
2558,264790196512
2559,264856921096
2560,264923412814
2561,264990191252
2562,265056541096
2563,265123772763
2564,265189925626
2565,265256392971
2566,265323525522
2567,265389899481
2568,265455991304
2569,265522706668
2570,265589690887
2571,265656509793
2572,265723380627
2573,265790775574
2574,265856345574
2575,265923267397
2576,265991201876
2577,266057277138
2578,266123401304
2579,266189593439
2580,266256345835
2581,266323150834
2582,266390633959
2583,266456429532
2584,266524189533
2585,266590417189
2586,266656279428
2587,266723066251
2588,266789655314
2589,266856540418
2590,266923616043
2591,266989846720
2592,267056913022
2593,267123325469
2594,267190315679
2595,267256767448
2596,267323748647
2597,267390490313
2598,267457321980
2599,267524382397
2600,267590359272
2601,267656755574
2602,267723857448
2603,267791318699
2604,267856892813
2605,267923298177
2606,267989624897
2607,268057225833
2608,268123800365
2609,268190312189
2610,268256469688
2611,268324021302
2612,268389547656
2613,268456642553
2614,268523474062
2615,268591532135
2616,268656006303
2617,268723869792
2618,268789361719
2619,268856014271
2620,268923149897
2621,268990415990
2622,269058273438
2623,269124146042
2624,269189945417
2625,269256751719
2626,269323555469
2627,269389296510
2628,269456789532
2629,269522980208
2630,269590092761
2631,269657464479
2632,269723327760
2633,269789541875
2634,269856546406
2635,269923069531
2636,269990545833
2637,270056705469
2638,270123999791
2639,270189950624
2640,270256531094
2641,270323292240
2642,270390554115
2643,270456774427
2644,270524415625
2645,270590946093
2646,270656398176
2647,270722634843
2648,270790001562
2649,270857346718
2650,270923833230
2651,270990371458
2652,271056847136
2653,271123225833
2654,271190485573
2655,271256327344
2656,271323487396
2657,271390220468
2658,271456497291
2659,271523484062
2660,271589434896
2661,271657930521
2662,271723068749
2663,271789611510
2664,271856314323
2665,271923513594
2666,271990543801
2667,272056580780
2668,272123223854
2669,272189559374
2670,272257724426
2671,272322959634
2672,272390088332
2673,272457063644
2674,272524694998
2675,272589567291
2676,272655824426
2677,272723047551
2678,272789535780
2679,272856445676
2680,272923496353
2681,272990304426
2682,273056727395
2683,273123004270
2684,273189968436
2685,273257118228
2686,273324034062
2687,273389575050
2688,273456774894
2689,273523424373
2690,273589692446
2691,273656413123
2692,273723325260
2693,273790257290
2694,273856480937
2695,273923069582
2696,273989876613
2697,274056171560
2698,274122919946
2699,274189756769
2700,274256718175
2701,274322844426
2702,274390803748
2703,274456712551
2704,274522984789
2705,274589653383
2706,274656474685
2707,274723104008
2708,274790575050
2709,274856681822
2710,274923331925
2711,274989570884
2712,275056539425
2713,275123088123
2714,275191264999
2715,275256480259
2716,275324125258
2717,275389858591
2718,275456505883
2719,275523145936
2720,275590329321
2721,275656806456
2722,275722911351
2723,275789733226
2724,275856362914
2725,275923392759
2726,275990394634
2727,276056244997
2728,276123103488
2729,276189537445
2730,276257603018
2731,276322863331
2732,276390626403
2733,276456255205
2734,276522819789
2735,276589491091
2736,276656414686
2737,276723173591
2738,276789650518
2739,276856253070
2740,276923347966
2741,276990196560
2742,277056711299
2743,277122852341
2744,277189621769
2745,277256202498
2746,277323271976
2747,277389871352
2748,277456226195
2749,277522825050
2750,277589725727
2751,277656211299
2752,277723099008
2753,277789544320
2754,277856360153
2755,277924632184
2756,277990277497
2757,278056325362
2758,278122919528
2759,278189543538
2760,278256291559
2761,278322980621
2762,278389589112
2763,278456562131
2764,278523584632
2765,278589799736
2766,278656338798
2767,278723151089
2768,278789613955
2769,278856132704
2770,278923760153
2771,278989515518
2772,279056318278
2773,279123557236
2774,279190085256
2775,279257391715
2776,279323119528
2777,279389889632
2778,279456744997
2779,279524143851
2780,279590245049
2781,279656217601
2782,279723501662
2783,279789749632
2784,279856429893
2785,279924599579
2786,279990954058
2787,280056350361
2788,280123447965
2789,280190433016
2790,280256835309
2791,280323958381
2792,280389696037
2793,280457173954
2794,280523004579
2795,280589336714
2796,280657247391
2797,280726520048
2798,280789859944
2799,280856490047
2800,280923504318
2801,280989917808
2802,281057211141
2803,281123022131
2804,281189670361
2805,281256979475
2806,281322993798
2807,281456933590
2808,281524282496
2809,281589560047
2810,281656608069
2811,281722947703
2812,281789933068
2813,281856344527
2814,281923117651
2815,281989577808
2816,282056472965
2817,282123191662
2818,282189527547
2819,282256828432
2820,282323128693
2821,282391450516
2822,282456985203
2823,282523025203
2824,282589844318
2825,282656803276
2826,282723685620
2827,282790572808
2828,282856388694
2829,282923127495
2830,282990913693
2831,283056469579
2832,283123871818
2833,283189866088
2834,283256751557
2835,283323392390
2836,283389816870
2837,283456216036
2838,283523369369
2839,283589812547
2840,283656994006
2841,283723696453
2842,283789646558
2843,283857775567
2844,283924713745
2845,283991060671
2846,284056191245
2847,284123705932
2848,284189948015
2849,284256955515
2850,284323522963
2851,284390253067
2852,284455982442
2853,284523785932
2854,284590493641
2855,284658351557
2856,284723284787
2857,284790575932
2858,284856799370
2859,284923346973
2860,284990129004
2861,285057226348
2862,285123507181
2863,285190905045
2864,285258865463
2865,285324038119
2866,285390651036
2867,285456477494
2868,285522658640
2869,285590078535
2870,285656552598
2871,285722833223
2872,285789322963
2873,285856673118
2874,285923505724
2875,285989935358
2876,286057480671
2877,286123844316
2878,286189639837
2879,286256250358
2880,286323141347
2881,286390430618
2882,286457462181
2883,286522872493
2884,286589511816
2885,286656772702
2886,286723008795
2887,286790689941
2888,286856243796
2889,286922992598
2890,286990476192
2891,287058150566
2892,287124158796
2893,287189816191
2894,287258948118
2895,287323102182
2896,287390208847
2897,287456650410
2898,287523453482
2899,287589601555
2900,287656200202
2901,287723120566
2902,287789914576
2903,287856832442
2904,287923598118
2905,287990298379
2906,288056440357
2907,288123457962
2908,288190642857
2909,288256818066
2910,288323458743
2911,288389868379
2912,288457212858
2913,288523651452
2914,288589644159
2915,288656442180
2916,288722860826
2917,288789547493
2918,288856483742
2919,288923728742
2920,288989733638
2921,289056215201
2922,289122873013
2923,289189852753
2924,289256146451
2925,289323213379
2926,289389532024
2927,289456248899
2928,289522934472
2929,289589665149
2930,289656438065
2931,289723196138
2932,289790585669
2933,289857558587
2934,289922910982
2935,289989611711
2936,290056567910
2937,290123288951
2938,290189892284
2939,290256582700
2940,290323264836
2941,290389537649
2942,290456182232
2943,290522930617
2944,290590186086
2945,290656644471
2946,290723470096
2947,290789527231
2948,290856353378
2949,290923434991
2950,290990099784
2951,291056654368
2952,291123082596
2953,291190135617
2954,291257244314
2955,291323167439
2956,291390445929
2957,291456418951
2958,291522975513
2959,291589700044
2960,291656242128
2961,291723418950
2962,291789962335
2963,291856553793
2964,291923095929
2965,291989612804
2966,292056735304
2967,292123597284
2968,292189521814
2969,292256454991
2970,292322912492
2971,292389711970
2972,292456734783
2973,292523084315
2974,292589531605
2975,292656837699
2976,292723501294
2977,292789634471
2978,292856512178
2979,292923264991
2980,292989544939
2981,293056151919
2982,293123200981
2983,293189843429
2984,293256718273
2985,293324068168
2986,293389603741
2987,293456522855
2988,293522990929
2989,293589692023
2990,293656521032
2991,293722916084
2992,293789636658
2993,293857600616
2994,293922903742
2995,293989589314
2996,294057216709
2997,294123652334
2998,294189511762
2999,294256474990
3000,294323066554
3001,294391027803
3002,294457579887
3003,294523461918
3004,294591015616
3005,294656798793
3006,294723397283
3007,294791288219
3008,294856232595
3009,294923722543
3010,294991139418
3011,295056765094
3012,295123625407
3013,295189668168
3014,295256945459
3015,295323643688
3016,295390099783
3017,295456620615
3018,295523192387
3019,295589905198
3020,295657252960
3021,295723021657
3022,295790783949
3023,295856484000
3024,295923016761
3025,295990760979
3026,296056441449
3027,296123213740
3028,296191422073
3029,296256300719
3030,296323811605
3031,296390205615
3032,296456458740
3033,296523909104
3034,296591081761
3035,296656200927
3036,296722893219
3037,296790464417
3038,296856236396
3039,296922937646
3040,296989599625
3041,297056859730
3042,297123053948
3043,297189580354
3044,297256300823
3045,297323436760
3046,297389653636
3047,297456298063
3048,297522934364
3049,297589839156
3050,297656258166
3051,297723357281
3052,297789655822
3053,297856444156
3054,297923021031
3055,297990751656
3056,298056333427
3057,298123712333
3058,298189611500
3059,298256813010
3060,298322911188
3061,298389684365
3062,298456537854
3063,298522886864
3064,298590248063
3065,298656502437
3066,298722822801
3067,298789609780
3068,298856494468
3069,298923149156
3070,298989538896
3071,299056125823
3072,299124011187
3073,299190394052
3074,299256775406
3075,299323904312
3076,299389760250
3077,299455988999
3078,299522886760
3079,299589895145
3080,299656058479
3081,299722634832
3082,299789504364
3083,299857175250
3084,299923039051
3085,299989838375
3086,300056998426
3087,300123339208
3088,300190223062
3089,300256646238
3090,300324620613
3091,300389866342
3092,300456409103
3093,300523481968
3094,300589531654
3095,300656429519
3096,300724124675
3097,300789770717
3098,300856302957
3099,300923082696
3100,300989580873
3101,301056217801
3102,301124167488
3103,301190227800
3104,301256799102
3105,301323759780
3106,301390371603
3107,301456813686
3108,301523353947
3109,301590432071
3110,301656135092
3111,301722957384
3112,301790093999
3113,301856222696
3114,301923433114
3115,301989739310
3116,302056574154
3117,302123110197
3118,302190250300
3119,302256271289
3120,302323313268
3121,302389992904
3122,302456328426
3123,302523013789
3124,302589599415
3125,302656339155
3126,302723316185
3127,302790170196
3128,302857334102
3129,302923050612
3130,302990991030
3131,303055866237
3132,303124102540
3133,303191334675
3134,303257595247
3135,303323104518
3136,303389869362
3137,303457689259
3138,303523728060
3139,303590239101
3140,303658684258
3141,303724156238
3142,303790598008
3143,303856903841
3144,303923458007
3145,303990323217
3146,304057081862
3147,304123384674
3148,304189627278
3149,304259226133
3150,304324774154
3151,304389950247
3152,304457045560
3153,304523555091
3154,304590574675
3155,304656932174
3156,304723726288
3157,304790369518
3158,304859301236
3159,304924130820
3160,304991248685
3161,305057018008
3162,305123252955
3163,305190560351
3164,305259072121
3165,305326030715
3166,305390977642
3167,305456972643
3168,305524799883
3169,305591943319
3170,305657595716
3171,305724942591
3172,305790540090
3173,305856688633
3174,305923582591
3175,305989806133
3176,306056209518
3177,306123711340
3178,306190548944
3179,306257089777
3180,306323841965
3181,306391729309
3182,306457224205
3183,306525747798
3184,306593370872
3185,306656990610
3186,306724631392
3187,306790087746
3188,306856373944
3189,306923081132
3190,306989618788
3191,307057068631
3192,307123778893
3193,307190303527
3194,307257026183
3195,307324446288
3196,307391671027
3197,307457850455
3198,307523715350
3199,307590459621
3200,307657271392
3201,307723792173
3202,307790780506
3203,307856344152
3204,307923053266
3205,307990583580
3206,308056204049
3207,308123029933
3208,308190174204
3209,308256471183
3210,308323140141
3211,308389581964
3212,308456320610
3213,308522869361
3214,308589927382
3215,308656545766
3216,308723414255
3217,308790362955
3218,308856232017
3219,308924828111
3220,308991259413
3221,309057701548
3222,309123662485
3223,309189858995
3224,309256553110
3225,309322548943
3226,309389552589
3227,309457754308
3228,309522995714
3229,309589436339
3230,309657241599
3231,309724484099
3232,309790085765
3233,309857748995
3234,309925808005
3235,309990880557
3236,310056597224
3237,310123749932
3238,310190799933
3239,310256067901
3240,310323338474
3241,310389371234
3242,310456727902
3243,310522912848
3244,310589537224
3245,310656347589
3246,310723968475
3247,310789482485
3248,310858025609
3249,310924888370
3250,310990635869
3251,311056131912
3252,311122562797
3253,311189492640
3254,311257299255
3255,311324020193
3256,311391901911
3257,311456542641
3258,311523107796
3259,311589593630
3260,311656558317
3261,311723182171
3262,311790876702
3263,311856118890
3264,311922883369
3265,311990676859
3266,312055951443
3267,312122967224
3268,312190210297
3269,312257558474
3270,312322623630
3271,312389913682
3272,312456671807
3273,312522689983
3274,312590359672
3275,312656215973
3276,312722939931
3277,312789290400
3278,312856552900
3279,312923525192
3280,312989208785
3281,313058310869
3282,313122869307
3283,313189670660
3284,313256714047
3285,313322856182
3286,313391005191
3287,313457440973
3288,313523524514
3289,313589249619
3290,313656648526
3291,313723720765
3292,313789715504
3293,313856374514
3294,313922873265
3295,313989611129
3296,314056092796
3297,314123295504
3298,314189677847
3299,314256727899
3300,314322815816
3301,314389172223
3302,314456235920
3303,314522639722
3304,314590440608
3305,314656775608
3306,314725058160
3307,314789737691
3308,314856917014
3309,314923653577
3310,314989231649
3311,315056451805
3312,315122761753
3313,315189925296
3314,315256506493
3315,315323086962
3316,315391102326
3317,315457220036
3318,315522817483
3319,315590106128
3320,315656382847
3321,315723365400
3322,315789663472
3323,315856424149
3324,315923003316
3325,315991216441
3326,316056132482
3327,316123001701
3328,316189470660
3329,316256307325
3330,316323072430
3331,316389449201
3332,316457092013
3333,316522825451
3334,316589520451
3335,316656382950
3336,316723928888
3337,316790216180
3338,316856819096
3339,316922616753
3340,317056461752
3341,317123000034
3342,317189830607
3343,317256750191
3344,317323548367
3345,317389792013
3346,317456186075
3347,317523327898
3348,317589402638
3349,317656979253
3350,317722893471
3351,317791215399
3352,317856850555
3353,317922971075
3354,317990275033
3355,318056341387
3356,318123165659
3357,318189213367
3358,318257653419
3359,318323134877
3360,318389801075
3361,318456512586
3362,318522682169
3363,318590344409
3364,318656232951
3365,318723649773
3366,318791179877
3367,318856828158
3368,318923139617
3369,318989513002
3370,319056820606
3371,319122971491
3372,319189857169
3373,319256486180
3374,319323283992
3375,319389871752
3376,319456197429
3377,319522965502
3378,319590367325
3379,319656122273
3380,319723789720
3381,319790343731
3382,319856207689
3383,319922953575
3384,319989303471
3385,320058583939
3386,320122932220
3387,320190477324
3388,320256286283
3389,320322813992
3390,320390550137
3391,320456945084
3392,320523538106
3393,320590517429
3394,320657085763
3395,320723251699
3396,320789603522
3397,320855997221
3398,320923619043
3399,320990209669
3400,321056153574
3401,321123478470
3402,321189449825
3403,321256039043
3404,321323061491
3405,321389505345
3406,321456587584
3407,321522977950
3408,321589552741
3409,321656167688
3410,321723673001
3411,321789659928
3412,321856116074
3413,321923251543
3414,321989195553
3415,322056805396
3416,322123682116
3417,322189617012
3418,322256635865
3419,322323356126
3420,322389554511
3421,322455902479
3422,322522601021
3423,322589610136
3424,322656706699
3425,322723479928
3426,322790517116
3427,322856299876
3428,322923216074
3429,322989700188
3430,323056739094
3431,323123372272
3432,323189719251
3433,323256705240
3434,323322863052
3435,323389753574
3436,323455949406
3437,323523050500
3438,323589282219
3439,323656596281
3440,323723705291
3441,323790174824
3442,323856487115
3443,323922867323
3444,323989500084
3445,324056557376
3446,324123330031
3447,324189884250
3448,324256476958
3449,324322976230
3450,324389665447
3451,324456593156
3452,324523032167
3453,324590469145
3454,324656328626
3455,324722711177
3456,324790588104
3457,324856165656
3458,324924356386
3459,324991720395
3460,325056927895
3461,325122996750
3462,325189811906
3463,325256121489
3464,325323267479
3465,325389872947
3466,325456156020
3467,325523140447
3468,325591506124
3469,325656648052
3470,325723299614
3471,325790124770
3472,325857038416
3473,325922867270
3474,325989811437
3475,326056223520
3476,326123636905
3477,326190686437
3478,326256296332
3479,326323602114
3480,326390315239
3481,326456183989
3482,326523441333
3483,326589804666
3484,326655934666
3485,326722934510
3486,326789559979
3487,326856507270
3488,326923648676
3489,326989563260
3490,327056228207
3491,327122884197
3492,327189566020
3493,327256435760
3494,327323612426
3495,327389664041
3496,327456301332
3497,327522919978
3498,327589527009
3499,327656129196
3500,327724734093
3501,327790119405
3502,327856167843
3503,327923467895
3504,327990402894
3505,328056157114
3506,328122963780
3507,328189958727
3508,328255854665
3509,328323619769
3510,328390703363
3511,328456253675
3512,328523143206
3513,328589600238
3514,328656110081
3515,328723341488
3516,328790395498
3517,328856266123
3518,328923681539
3519,328989628363
3520,329056428779
3521,329123754039
3522,329191109248
3523,329256349040
3524,329323458728
3525,329389373884
3526,329457653571
3527,329523691331
3528,329589762373
3529,329656746071
3530,329723662685
3531,329789777634
3532,329856371331
3533,329923504872
3534,329990760499
3535,330058373623
3536,330122985290
3537,330189492478
3538,330257314197
3539,330323063154
3540,330390748050
3541,330456664299
3542,330523492529
3543,330590463415
3544,330656711956
3545,330723397685
3546,330789667581
3547,330856606643
3548,330923136696
3549,330991644664
3550,331056522737
3551,331123667633
3552,331190613675
3553,331256356279
3554,331323621122
3555,331389268154
3556,331457030550
3557,331523932529
3558,331590663518
3559,331656571123
3560,331723864143
3561,331789827633
3562,331857425862
3563,331922741904
3564,331989553362
3565,332056852684
3566,332123123466
3567,332189782842
3568,332256212685
3569,332324088361
3570,332389374559
3571,332456340653
3572,332523042372
3573,332589611227
3574,332656774767
3575,332723169821
3576,332791148154
3577,332856818205
3578,332922734351
3579,332989651851
3580,333056277892
3581,333123189715
3582,333190811278
3583,333257495081
3584,333323161591
3585,333390308830
3586,333456570913
3587,333523168466
3588,333589934975
3589,333656914456
3590,333723385288
3591,333789723258
3592,333856554558
3593,333923200653
3594,333989534402
3595,334057664819
3596,334123524247
3597,334190176486
3598,334256183413
3599,334322841955
3600,334389444975
3601,334456543048
3602,334523116382
3603,334589822788
3604,334656411694
3605,334723280861
3606,334789808100
3607,334856360912
3608,334923191381
3609,334990511589
3610,335056298309
3611,335123487318
3612,335189645235
3613,335256617318
3614,335323007215
3615,335391413100
3616,335456230757
3617,335523058777
3618,335589896693
3619,335656193048
3620,335723080652
3621,335790096589
3622,335856789141
3623,335923023048
3624,335991070548
3625,336056598047
3626,336123056485
3627,336190333880
3628,336256160236
3629,336323246693
3630,336389572943
3631,336456782475
3632,336523333204
3633,336589613621
3634,336656135079
3635,336724198620
3636,336789877839
3637,336856954610
3638,336923237422
3639,336990782839
3640,337056452006
3641,337123451797
3642,337189987370
3643,337256478203
3644,337323766433
3645,337389696693
3646,337456957838
3647,337522887266
3648,337589806484
3649,337656881224
3650,337724224870
3651,337789506797
3652,337857621693
3653,337922840859
3654,337990209662
3655,338056661120
3656,338124047317
3657,338190085025
3658,338257159870
3659,338323578152
3660,338389968411
3661,338456867734
3662,338524036328
3663,338589503255
3664,338656223724
3665,338730147630
3666,338789467526
3667,338856159036
3668,338922992942
3669,338990185234
3670,339056431537
3671,339123031744
3672,339189575234
3673,339256558463
3674,339322888255
3675,339389621588
3676,339456266223
3677,339523589557
3678,339590371483
3679,339656180807
3680,339723156275
3681,339789617161
3682,339856601223
3683,339923365754
3684,339989436068
3685,340056555547
3686,340122672839
3687,340190531171
3688,340257283931
3689,340322926639
3690,340389698567
3691,340456287317
3692,340523703150
3693,340589679452
3694,340656394921
3695,340724842577
3696,340790381587
3697,340856337108
3698,340923803047
3699,340991527368
3700,341057700910
3701,341124179140
3702,341189674817
3703,341256777941
3704,341323010078
3705,341390735389
3706,341456814452
3707,341523013306
3708,341590802420
3709,341656606224
3710,341723465962
3711,341792342368
3712,341857110025
3713,341923246015
3714,341989619451
3715,342056341170
3716,342122902108
3717,342189735181
3718,342256181744
3719,342322915128
3720,342389487732
3721,342456831535
3722,342523702732
3723,342590051796
3724,342656437003
3725,342722981274
3726,342789910180
3727,342857386847
3728,342923740441
3729,342990200806
3730,343056994086
3731,343123327629
3732,343190308202
3733,343256381795
3734,343323165180
3735,343390552055
3736,343457264191
3737,343523000232
3738,343589695597
3739,343656685128
3740,343723109086
3741,343789542003
3742,343856251117
3743,343924383097
3744,343989578774
3745,344056193410
3746,344123090075
3747,344189629451
3748,344256168773
3749,344323360075
3750,344390168617
3751,344456646846
3752,344522913514
3753,344589731483
3754,344656188253
3755,344723027420
3756,344789619451
3757,344856168513
3758,344922908357
3759,344989858670
3760,345057275701
3761,345123035283
3762,345191590649
3763,345256218252
3764,345322916429
3765,345390573930
3766,345457217835
3767,345525866377
3768,345589504762
3769,345657861846
3770,345724212523
3771,345789865439
3772,345856130388
3773,345923327314
3774,345989263460
3775,346056887367
3776,346123533929
3777,346190107158
3778,346256784242
3779,346323184085
3780,346393195335
3781,346455886012
3782,346523529866
3783,346590070700
3784,346656514919
3785,346723854919
3786,346789493408
3787,346856297471
3788,346923100544
3789,346989378616
3790,347056040387
3791,347123280856
3792,347190177159
3793,347256837315
3794,347323647105
3795,347390902836
3796,347456162991
3797,347523012419
3798,347589807419
3799,347656317211
3800,347723731116
3801,347789640803
3802,347856413876
3803,347923870751
3804,347989653616
3805,348058066220
3806,348124510127
3807,348190293095
3808,348256375960
3809,348323856637
3810,348390628825
3811,348456295803
3812,348523410023
3813,348589598094
3814,348656822418
3815,348723259658
3816,348790166949
3817,348857242886
3818,348924122470
3819,348990322314
3820,349057642939
3821,349123334605
3822,349190977053
3823,349257357574
3824,349323144605
3825,349389890802
3826,349456872938
3827,349523454344
3828,349590685543
3829,349656246428
3830,349723547209
3831,349791733250
3832,349856441323
3833,349923043198
3834,349990443564
3835,350056536167
3836,350123480594
3837,350191076636
3838,350256468772
3839,350323157887
3840,350390378198
3841,350456218408
3842,350523094344
3843,350590256741
3844,350656810750
3845,350722916949
3846,350789938407
3847,350856330802
3848,350923543771
3849,350988980386
3850,351055670334
3851,351123453042
3852,351190773927
3853,351256772833
3854,351323486323
3855,351390736323
3856,351456738302
3857,351523488198
3858,351590838615
3859,351659120542
3860,351724216896
3861,351791193407
3862,351857077521
3863,351923896219
3864,351990914760
3865,352057292416
3866,352123858406
3867,352190966323
3868,352258903510
3869,352324628145
3870,352390311896
3871,352456983354
3872,352524317677
3873,352590665698
3874,352656881791
3875,352723620593
3876,352791583926
3877,352857510646
3878,352924406635
3879,352991257155
3880,353057374343
3881,353123454500
3882,353190158146
3883,353257312207
3884,353324260593
3885,353390057260
3886,353456909499
3887,353524086582
3888,353590891323
3889,353656807729
3890,353724180958
3891,353791699395
3892,353857380697
3893,353924035697
3894,353990974343
3895,354056962832
3896,354124335489
3897,354191018614
3898,354257648978
3899,354323967103
3900,354390978927
3901,354457117416
3902,354524023717
3903,354590727832
3904,354657038510
3905,354723714603
3906,354790942415
3907,354856962623
3908,354924201790
3909,354991024915
3910,355057364290
3911,355123933197
3912,355191519603
3913,355257319498
3914,355324827624
3915,355391078978
3916,355457595957
3917,355523792207
3918,355591334862
3919,355657063925
3920,355723614342
3921,355790775123
3922,355856716635
3923,355924127102
3924,355990563769
3925,356056908040
3926,356123858509
3927,356190128145
3928,356257815383
3929,356324538561
3930,356391002103
3931,356458018093
3932,356524165123
3933,3565903